[
  {
    "id": 1,
    "text": "Kdykoli někdo zmíní \"panáky\" nebo \"dáme panáka\", okamžitě zakřič \"Za Bořka stavitele!\"",
    "subtask": "Za Bořka stavitele!",
    "points": 15
  },
  {
    "id": 2,
    "text": "Vyfoť nejvíc sexy holku večera.",
    "subtask": "Wow, to chce další!",
    "points": 25
  },
  {
    "id": 3,
    "text": "Objednej drink a použij při tom slovo \"květák\".",
    "subtask": "Skoro nikdo to neslyšel, zkus to znovu!",
    "points": 20
  },
  {
    "id": 4,
    "text": "Vyfoť mrak, který připomíná část ženského těla.",
    "subtask": "A teď jeden pěkně macatý!",
    "points": 20
  },
  {
    "id": 5,
    "text": "Udělej 5 kliků uprostřed klubu.",
    "subtask": null,
    "points": 15
  },
  {
    "id": 6,
    "text": "Získej vizitku od cizího týpka.",
    "subtask": null,
    "points": 20
  },
  {
    "id": 7,
    "text": "Předveď \"Titanic\" s jiným chlapem a nech se u toho vyfotit.",
    "subtask": null,
    "points": 30
  },
  {
    "id": 8,
    "text": "Vyfoť selfie s cizí partou a tvář se, že k nim patříš.",
    "subtask": null,
    "points": 25
  },
  {
    "id": 9,
    "text": "Předveď svůj nejsvůdnější pohled do foťáku a nech ostatní ohodnotit.",
    "subtask": null,
    "points": 15
  },
  {
    "id": 10,
    "text": "Předveď svůj nejtrapnější taneční krok.",
    "subtask": null,
    "points": 15
  },
  {
    "id": 11,
    "text": "Objednej drink, aniž bys řekl jediné slovo – jen gesty.",
    "subtask": null,
    "points": 25
  },
  {
    "id": 12,
    "text": "Vyfoť nejpodivnější doplněk (čepice, brýle, tričko) na někom cizím.",
    "subtask": "Najdi další!",
    "points": 20
  },
  {
    "id": 13,
    "text": "Předveď společný \"skok\" všech pěti a někdo to zachytí na fotku.",
    "subtask": null,
    "points": 30
  },
  {
    "id": 14,
    "text": "Zeptej se někoho na nejlepší historku z jeho rozlučky.",
    "subtask": null,
    "points": 20
  },
  {
    "id": 15,
    "text": "Ochutnej drink, který sis nikdy předtím nedal.",
    "subtask": null,
    "points": 20
  },
  {
    "id": 16,
    "text": "Vyfoť se s ženichem v ulítlé póze.",
    "subtask": "Umíš to líp!",
    "points": 25
  },
  {
    "id": 17,
    "text": "Vyklop trapnou historku, kdy ses opil.",
    "subtask": "Chceme slyšet víc, pojď sem s další!",
    "points": 20
  }
]
